id,displayName,rawText
bank-name,Bank Name,"We offer faster processing, competitive interest rates, and high loan eligibility.
Products: Home Loan (HL), Loan Against Property (LAP), Balance Transfer (BT/BTTP).
Property: JDA, Nagar Nigam Patta, RHB, Society Patta, Panchayati Patta (Reg./Unreg.), Collector Approved, 90B/Non-Approved.
Profiles: Salaried & Self-Employed. Ticket size: 5L to 5Cr. LTV up to 90% (HL) and 80% (LAP)."
aadhar-housing-finance-limited,Aadhar Housing Finance Limited,"Quick TAT, low interest options, flexible documentation.
Covers HL, LAP, BT & Top-Up.
Acceptable titles include JDA, RHB, Society Patta, Gram Panchayat, Collector Approved, and technical 90B (approved/non-approved).
Works with Salaried and Self-employed. Typical range 10L to 3Cr. LTV per policy up to 90% in HL."
aavas-financiers-limited,Aavas Financiers Limited,"Fast approval, attractive pricing, big-ticket capability.
Eligible: HL/LAP, BT/BTTP, Plot + Construction, Resale/Fresh Purchase.
Titles: JDA, Nagar Nigam, RHB, Society & Panchayati Patta, Collector Approved, Non-approved/90B.
Profiles: Salaried & SE. Indicative range 5L–4Cr; LTV norms as per policy (HL ~90%, LAP ~75–80%)."
aditya-birla-finance-limited,Aditya Birla Finance Limited,"We offer faster processing, competitive interest rates, and high loan eligibility.
Products: Home Loan (HL), Loan Against Property (LAP), Balance Transfer (BT/BTTP).
Property: JDA, Nagar Nigam Patta, RHB, Society Patta, Panchayati Patta (Reg./Unreg.), Collector Approved, 90B/Non-Approved.
Profiles: Salaried & Self-Employed. Ticket size: 5L to 5Cr. LTV up to 90% (HL) and 80% (LAP)."
aditya-birla-housing-finance-limited,Aditya Birla Housing Finance Limited,"Quick TAT, low interest options, flexible documentation.
Covers HL, LAP, BT & Top-Up.
Acceptable titles include JDA, RHB, Society Patta, Gram Panchayat, Collector Approved, and technical 90B (approved/non-approved).
Works with Salaried and Self-employed. Typical range 10L to 3Cr. LTV per policy up to 90% in HL."
agrim-housing-finance-pvt-ltd,Agrim Housing Finance Pvt Ltd,"Fast approval, attractive pricing, big-ticket capability.
Eligible: HL/LAP, BT/BTTP, Plot + Construction, Resale/Fresh Purchase.
Titles: JDA, Nagar Nigam, RHB, Society & Panchayati Patta, Collector Approved, Non-approved/90B.
Profiles: Salaried & SE. Indicative range 5L–4Cr; LTV norms as per policy (HL ~90%, LAP ~75–80%)."
anand-rathi-global-finance-limited,Anand Rathi Global Finance Limited,"We offer faster processing, competitive interest rates, and high loan eligibility.
Products: Home Loan (HL), Loan Against Property (LAP), Balance Transfer (BT/BTTP).
Property: JDA, Nagar Nigam Patta, RHB, Society Patta, Panchayati Patta (Reg./Unreg.), Collector Approved, 90B/Non-Approved.
Profiles: Salaried & Self-Employed. Ticket size: 5L to 5Cr. LTV up to 90% (HL) and 80% (LAP)."
arka-fincap-ltd,Arka Fincap Ltd,"Quick TAT, low interest options, flexible documentation.
Covers HL, LAP, BT & Top-Up.
Acceptable titles include JDA, RHB, Society Patta, Gram Panchayat, Collector Approved, and technical 90B (approved/non-approved).
Works with Salaried and Self-employed. Typical range 10L to 3Cr. LTV per policy up to 90% in HL."
art-housing-finance-i-ltd,Art Housing Finance (I) Ltd,"Fast approval, attractive pricing, big-ticket capability.
Eligible: HL/LAP, BT/BTTP, Plot + Construction, Resale/Fresh Purchase.
Titles: JDA, Nagar Nigam, RHB, Society & Panchayati Patta, Collector Approved, Non-approved/90B.
Profiles: Salaried & SE. Indicative range 5L–4Cr; LTV norms as per policy (HL ~90%, LAP ~75–80%)."
ashv-finance-ltd,Ashv Finance Ltd,"We offer faster processing, competitive interest rates, and high loan eligibility.
Products: Home Loan (HL), Loan Against Property (LAP), Balance Transfer (BT/BTTP).
Property: JDA, Nagar Nigam Patta, RHB, Society Patta, Panchayati Patta (Reg./Unreg.), Collector Approved, 90B/Non-Approved.
Profiles: Salaried & Self-Employed. Ticket size: 5L to 5Cr. LTV up to 90% (HL) and 80% (LAP)."
au-small-finance-bank-limited,AU Small Finance Bank Limited,"Quick TAT, low interest options, flexible documentation.
Covers HL, LAP, BT & Top-Up.
Acceptable titles include JDA, RHB, Society Patta, Gram Panchayat, Collector Approved, and technical 90B (approved/non-approved).
Works with Salaried and Self-employed. Typical range 10L to 3Cr. LTV per policy up to 90% in HL."
avanse-financial-services-ltd,Avanse Financial Services Ltd,"Fast approval, attractive pricing, big-ticket capability.
Eligible: HL/LAP, BT/BTTP, Plot + Construction, Resale/Fresh Purchase.
Titles: JDA, Nagar Nigam, RHB, Society & Panchayati Patta, Collector Approved, Non-approved/90B.
Profiles: Salaried & SE. Indicative range 5L–4Cr; LTV norms as per policy (HL ~90%, LAP ~75–80%)."
axis-bank,Axis Bank,"We offer faster processing, competitive interest rates, and high loan eligibility.
Products: Home Loan (HL), Loan Against Property (LAP), Balance Transfer (BT/BTTP).
Property: JDA, Nagar Nigam Patta, RHB, Society Patta, Panchayati Patta (Reg./Unreg.), Collector Approved, 90B/Non-Approved.
Profiles: Salaried & Self-Employed. Ticket size: 5L to 5Cr. LTV up to 90% (HL) and 80% (LAP)."
axis-finance-limited,Axis Finance Limited,"Quick TAT, low interest options, flexible documentation.
Covers HL, LAP, BT & Top-Up.
Acceptable titles include JDA, RHB, Society Patta, Gram Panchayat, Collector Approved, and technical 90B (approved/non-approved).
Works with Salaried and Self-employed. Typical range 10L to 3Cr. LTV per policy up to 90% in HL."
bajaj-finance-ltd,Bajaj Finance Ltd,"Fast approval, attractive pricing, big-ticket capability.
Eligible: HL/LAP, BT/BTTP, Plot + Construction, Resale/Fresh Purchase.
Titles: JDA, Nagar Nigam, RHB, Society & Panchayati Patta, Collector Approved, Non-approved/90B.
Profiles: Salaried & SE. Indicative range 5L–4Cr; LTV norms as per policy (HL ~90%, LAP ~75–80%)."
bajaj-housing-finance-ltd,Bajaj Housing Finance Ltd,"We offer faster processing, competitive interest rates, and high loan eligibility.
Products: Home Loan (HL), Loan Against Property (LAP), Balance Transfer (BT/BTTP).
Property: JDA, Nagar Nigam Patta, RHB, Society Patta, Panchayati Patta (Reg./Unreg.), Collector Approved, 90B/Non-Approved.
Profiles: Salaried & Self-Employed. Ticket size: 5L to 5Cr. LTV up to 90% (HL) and 80% (LAP)."
bandhan-bank-limited,Bandhan Bank Limited,"Quick TAT, low interest options, flexible documentation.
Covers HL, LAP, BT & Top-Up.
Acceptable titles include JDA, RHB, Society Patta, Gram Panchayat, Collector Approved, and technical 90B (approved/non-approved).
Works with Salaried and Self-employed. Typical range 10L to 3Cr. LTV per policy up to 90% in HL."
bank-of-baroda,Bank of Baroda,"Fast approval, attractive pricing, big-ticket capability.
Eligible: HL/LAP, BT/BTTP, Plot + Construction, Resale/Fresh Purchase.
Titles: JDA, Nagar Nigam, RHB, Society & Panchayati Patta, Collector Approved, Non-approved/90B.
Profiles: Salaried & SE. Indicative range 5L–4Cr; LTV norms as per policy (HL ~90%, LAP ~75–80%)."
bhanix-finance-and-investment-limited-cashe,Bhanix Finance and Investment Limited (Cashe),"We offer faster processing, competitive interest rates, and high loan eligibility.
Products: Home Loan (HL), Loan Against Property (LAP), Balance Transfer (BT/BTTP).
Property: JDA, Nagar Nigam Patta, RHB, Society Patta, Panchayati Patta (Reg./Unreg.), Collector Approved, 90B/Non-Approved.
Profiles: Salaried & Self-Employed. Ticket size: 5L to 5Cr. LTV up to 90% (HL) and 80% (LAP)."
bank-of-india,Bank of India,"Quick TAT, low interest options, flexible documentation.
Covers HL, LAP, BT & Top-Up.
Acceptable titles include JDA, RHB, Society Patta, Gram Panchayat, Collector Approved, and technical 90B (approved/non-approved).
Works with Salaried and Self-employed. Typical range 10L to 3Cr. LTV per policy up to 90% in HL."
bluebear-technologies-private-ltd-propelld,Bluebear technologies Private Ltd (Propelld),"Fast approval, attractive pricing, big-ticket capability.
Eligible: HL/LAP, BT/BTTP, Plot + Construction, Resale/Fresh Purchase.
Titles: JDA, Nagar Nigam, RHB, Society & Panchayati Patta, Collector Approved, Non-approved/90B.
Profiles: Salaried & SE. Indicative range 5L–4Cr; LTV norms as per policy (HL ~90%, LAP ~75–80%)."
capital-india-home-loans-limited,Capital India Home Loans Limited,"We offer faster processing, competitive interest rates, and high loan eligibility.
Products: Home Loan (HL), Loan Against Property (LAP), Balance Transfer (BT/BTTP).
Property: JDA, Nagar Nigam Patta, RHB, Society Patta, Panchayati Patta (Reg./Unreg.), Collector Approved, 90B/Non-Approved.
Profiles: Salaried & Self-Employed. Ticket size: 5L to 5Cr. LTV up to 90% (HL) and 80% (LAP)."
capri-global-capital-limited-and-capri-global-housing-finance-limited,Capri Global Capital Limited and Capri Global Housing Finance Limited,"Quick TAT, low interest options, flexible documentation.
Covers HL, LAP, BT & Top-Up.
Acceptable titles include JDA, RHB, Society Patta, Gram Panchayat, Collector Approved, and technical 90B (approved/non-approved).
Works with Salaried and Self-employed. Typical range 10L to 3Cr. LTV per policy up to 90% in HL."
central-bank-of-india,Central Bank of India,"Fast approval, attractive pricing, big-ticket capability.
Eligible: HL/LAP, BT/BTTP, Plot + Construction, Resale/Fresh Purchase.
Titles: JDA, Nagar Nigam, RHB, Society & Panchayati Patta, Collector Approved, Non-approved/90B.
Profiles: Salaried & SE. Indicative range 5L–4Cr; LTV norms as per policy (HL ~90%, LAP ~75–80%)."
clix-capital-services-private-limited,Clix Capital Services Private Limited,"We offer faster processing, competitive interest rates, and high loan eligibility.
Products: Home Loan (HL), Loan Against Property (LAP), Balance Transfer (BT/BTTP).
Property: JDA, Nagar Nigam Patta, RHB, Society Patta, Panchayati Patta (Reg./Unreg.), Collector Approved, 90B/Non-Approved.
Profiles: Salaried & Self-Employed. Ticket size: 5L to 5Cr. LTV up to 90% (HL) and 80% (LAP)."
cholamandalam-investment-and-finance-company-limited,Cholamandalam Investment and Finance Company Limited,"Quick TAT, low interest options, flexible documentation.
Covers HL, LAP, BT & Top-Up.
Acceptable titles include JDA, RHB, Society Patta, Gram Panchayat, Collector Approved, and technical 90B (approved/non-approved).
Works with Salaried and Self-employed. Typical range 10L to 3Cr. LTV per policy up to 90% in HL."
centrum-housing-finance-ltd,Centrum Housing Finance Ltd,"Fast approval, attractive pricing, big-ticket capability.
Eligible: HL/LAP, BT/BTTP, Plot + Construction, Resale/Fresh Purchase.
Titles: JDA, Nagar Nigam, RHB, Society & Panchayati Patta, Collector Approved, Non-approved/90B.
Profiles: Salaried & SE. Indicative range 5L–4Cr; LTV norms as per policy (HL ~90%, LAP ~75–80%)."
csb-bank-limited,CSB Bank Limited,"We offer faster processing, competitive interest rates, and high loan eligibility.
Products: Home Loan (HL), Loan Against Property (LAP), Balance Transfer (BT/BTTP).
Property: JDA, Nagar Nigam Patta, RHB, Society Patta, Panchayati Patta (Reg./Unreg.), Collector Approved, 90B/Non-Approved.
Profiles: Salaried & Self-Employed. Ticket size: 5L to 5Cr. LTV up to 90% (HL) and 80% (LAP)."
capital-india-finance-ltd,Capital India Finance Ltd,"Quick TAT, low interest options, flexible documentation.
Covers HL, LAP, BT & Top-Up.
Acceptable titles include JDA, RHB, Society Patta, Gram Panchayat, Collector Approved, and technical 90B (approved/non-approved).
Works with Salaried and Self-employed. Typical range 10L to 3Cr. LTV per policy up to 90% in HL."
dbs-bank-india-ltd,DBS Bank India Ltd,"Fast approval, attractive pricing, big-ticket capability.
Eligible: HL/LAP, BT/BTTP, Plot + Construction, Resale/Fresh Purchase.
Titles: JDA, Nagar Nigam, RHB, Society & Panchayati Patta, Collector Approved, Non-approved/90B.
Profiles: Salaried & SE. Indicative range 5L–4Cr; LTV norms as per policy (HL ~90%, LAP ~75–80%)."
deutsche-bank,Deutsche Bank,"We offer faster processing, competitive interest rates, and high loan eligibility.
Products: Home Loan (HL), Loan Against Property (LAP), Balance Transfer (BT/BTTP).
Property: JDA, Nagar Nigam Patta, RHB, Society Patta, Panchayati Patta (Reg./Unreg.), Collector Approved, 90B/Non-Approved.
Profiles: Salaried & Self-Employed. Ticket size: 5L to 5Cr. LTV up to 90% (HL) and 80% (LAP)."
ditya-finance-private-limited-m-capital,Ditya Finance Private Limited (M Capital),"Quick TAT, low interest options, flexible documentation.
Covers HL, LAP, BT & Top-Up.
Acceptable titles include JDA, RHB, Society Patta, Gram Panchayat, Collector Approved, and technical 90B (approved/non-approved).
Works with Salaried and Self-employed. Typical range 10L to 3Cr. LTV per policy up to 90% in HL."
dmi-housing-finance-private-limited,DMI Housing Finance Private Limited,"Fast approval, attractive pricing, big-ticket capability.
Eligible: HL/LAP, BT/BTTP, Plot + Construction, Resale/Fresh Purchase.
Titles: JDA, Nagar Nigam, RHB, Society & Panchayati Patta, Collector Approved, Non-approved/90B.
Profiles: Salaried & SE. Indicative range 5L–4Cr; LTV norms as per policy (HL ~90%, LAP ~75–80%)."
easy-home-finance-limited,Easy Home Finance Limited,"We offer faster processing, competitive interest rates, and high loan eligibility.
Products: Home Loan (HL), Loan Against Property (LAP), Balance Transfer (BT/BTTP).
Property: JDA, Nagar Nigam Patta, RHB, Society Patta, Panchayati Patta (Reg./Unreg.), Collector Approved, 90B/Non-Approved.
Profiles: Salaried & Self-Employed. Ticket size: 5L to 5Cr. LTV up to 90% (HL) and 80% (LAP)."
ecl-finance-limited,ECL Finance Limited,"Quick TAT, low interest options, flexible documentation.
Covers HL, LAP, BT & Top-Up.
Acceptable titles include JDA, RHB, Society Patta, Gram Panchayat, Collector Approved, and technical 90B (approved/non-approved).
Works with Salaried and Self-employed. Typical range 10L to 3Cr. LTV per policy up to 90% in HL."
edelweiss-retail-finance-limited,EDELWEISS Retail Finance Limited,"Fast approval, attractive pricing, big-ticket capability.
Eligible: HL/LAP, BT/BTTP, Plot + Construction, Resale/Fresh Purchase.
Titles: JDA, Nagar Nigam, RHB, Society & Panchayati Patta, Collector Approved, Non-approved/90B.
Profiles: Salaried & SE. Indicative range 5L–4Cr; LTV norms as per policy (HL ~90%, LAP ~75–80%)."
epimoney-private-limited-flexiloans,Epimoney Private Limited (Flexiloans),"We offer faster processing, competitive interest rates, and high loan eligibility.
Products: Home Loan (HL), Loan Against Property (LAP), Balance Transfer (BT/BTTP).
Property: JDA, Nagar Nigam Patta, RHB, Society Patta, Panchayati Patta (Reg./Unreg.), Collector Approved, 90B/Non-Approved.
Profiles: Salaried & Self-Employed. Ticket size: 5L to 5Cr. LTV up to 90% (HL) and 80% (LAP)."
finnable-technologies-private-limited,Finnable Technologies Private Limited,"Quick TAT, low interest options, flexible documentation.
Covers HL, LAP, BT & Top-Up.
Acceptable titles include JDA, RHB, Society Patta, Gram Panchayat, Collector Approved, and technical 90B (approved/non-approved).
Works with Salaried and Self-employed. Typical range 10L to 3Cr. LTV per policy up to 90% in HL."
finnovation-tech-solutions-private-limited-kreditbee,Finnovation Tech Solutions Private Limited (Kreditbee),"Fast approval, attractive pricing, big-ticket capability.
Eligible: HL/LAP, BT/BTTP, Plot + Construction, Resale/Fresh Purchase.
Titles: JDA, Nagar Nigam, RHB, Society & Panchayati Patta, Collector Approved, Non-approved/90B.
Profiles: Salaried & SE. Indicative range 5L–4Cr; LTV norms as per policy (HL ~90%, LAP ~75–80%)."
fintree-finance-pvt-ltd,Fintree Finance Pvt Ltd,"We offer faster processing, competitive interest rates, and high loan eligibility.
Products: Home Loan (HL), Loan Against Property (LAP), Balance Transfer (BT/BTTP).
Property: JDA, Nagar Nigam Patta, RHB, Society Patta, Panchayati Patta (Reg./Unreg.), Collector Approved, 90B/Non-Approved.
Profiles: Salaried & Self-Employed. Ticket size: 5L to 5Cr. LTV up to 90% (HL) and 80% (LAP)."
smfg-india-home-finance-company-ltd-previously-known-as-fulletron-india-home-finance-company-ltd,SMFG India Home Finance Company Ltd (Previously known as Fulletron India Home Finance Company Ltd),"Quick TAT, low interest options, flexible documentation.
Covers HL, LAP, BT & Top-Up.
Acceptable titles include JDA, RHB, Society Patta, Gram Panchayat, Collector Approved, and technical 90B (approved/non-approved).
Works with Salaried and Self-employed. Typical range 10L to 3Cr. LTV per policy up to 90% in HL."
smfg-india-credit-co-ltd-previously-fulletron-india-credit-co-ltd,SMFG India Credit Co. Ltd. (previously Fulletron India Credit Co. Ltd.),"Fast approval, attractive pricing, big-ticket capability.
Eligible: HL/LAP, BT/BTTP, Plot + Construction, Resale/Fresh Purchase.
Titles: JDA, Nagar Nigam, RHB, Society & Panchayati Patta, Collector Approved, Non-approved/90B.
Profiles: Salaried & SE. Indicative range 5L–4Cr; LTV norms as per policy (HL ~90%, LAP ~75–80%)."
geojit-credits-private-limited,Geojit Credits Private Limited,"We offer faster processing, competitive interest rates, and high loan eligibility.
Products: Home Loan (HL), Loan Against Property (LAP), Balance Transfer (BT/BTTP).
Property: JDA, Nagar Nigam Patta, RHB, Society Patta, Panchayati Patta (Reg./Unreg.), Collector Approved, 90B/Non-Approved.
Profiles: Salaried & Self-Employed. Ticket size: 5L to 5Cr. LTV up to 90% (HL) and 80% (LAP)."
godrej-housing-finance-limited-godrej-finance-limited,Godrej Housing Finance Limited/ Godrej Finance Limited,"Quick TAT, low interest options, flexible documentation.
Covers HL, LAP, BT & Top-Up.
Acceptable titles include JDA, RHB, Society Patta, Gram Panchayat, Collector Approved, and technical 90B (approved/non-approved).
Works with Salaried and Self-employed. Typical range 10L to 3Cr. LTV per policy up to 90% in HL."
gl-finstock-pvt-ltd-fintree,GL Finstock Pvt Ltd (Fintree),"Fast approval, attractive pricing, big-ticket capability.
Eligible: HL/LAP, BT/BTTP, Plot + Construction, Resale/Fresh Purchase.
Titles: JDA, Nagar Nigam, RHB, Society & Panchayati Patta, Collector Approved, Non-approved/90B.
Profiles: Salaried & SE. Indicative range 5L–4Cr; LTV norms as per policy (HL ~90%, LAP ~75–80%)."
hdb-financial-services-limited,HDB Financial Services Limited,"We offer faster processing, competitive interest rates, and high loan eligibility.
Products: Home Loan (HL), Loan Against Property (LAP), Balance Transfer (BT/BTTP).
Property: JDA, Nagar Nigam Patta, RHB, Society Patta, Panchayati Patta (Reg./Unreg.), Collector Approved, 90B/Non-Approved.
Profiles: Salaried & Self-Employed. Ticket size: 5L to 5Cr. LTV up to 90% (HL) and 80% (LAP)."
hdfc-bank-ltd,HDFC BANK LTD,"Quick TAT, low interest options, flexible documentation.
Covers HL, LAP, BT & Top-Up.
Acceptable titles include JDA, RHB, Society Patta, Gram Panchayat, Collector Approved, and technical 90B (approved/non-approved).
Works with Salaried and Self-employed. Typical range 10L to 3Cr. LTV per policy up to 90% in HL."
credila-financial-services-limited-previously-hdfc-credila-financial-services-limited,Credila Financial Services Limited( previously HDFC Credila Financial Services Limited),"Fast approval, attractive pricing, big-ticket capability.
Eligible: HL/LAP, BT/BTTP, Plot + Construction, Resale/Fresh Purchase.
Titles: JDA, Nagar Nigam, RHB, Society & Panchayati Patta, Collector Approved, Non-approved/90B.
Profiles: Salaried & SE. Indicative range 5L–4Cr; LTV norms as per policy (HL ~90%, LAP ~75–80%)."
hero-fincorp-limited,Hero Fincorp Limited,"We offer faster processing, competitive interest rates, and high loan eligibility.
Products: Home Loan (HL), Loan Against Property (LAP), Balance Transfer (BT/BTTP).
Property: JDA, Nagar Nigam Patta, RHB, Society Patta, Panchayati Patta (Reg./Unreg.), Collector Approved, 90B/Non-Approved.
Profiles: Salaried & Self-Employed. Ticket size: 5L to 5Cr. LTV up to 90% (HL) and 80% (LAP)."
hero-housing-finance-limited,Hero Housing Finance Limited,"Quick TAT, low interest options, flexible documentation.
Covers HL, LAP, BT & Top-Up.
Acceptable titles include JDA, RHB, Society Patta, Gram Panchayat, Collector Approved, and technical 90B (approved/non-approved).
Works with Salaried and Self-employed. Typical range 10L to 3Cr. LTV per policy up to 90% in HL."
hinduja-housing-finance-limited,Hinduja Housing Finance Limited,"Fast approval, attractive pricing, big-ticket capability.
Eligible: HL/LAP, BT/BTTP, Plot + Construction, Resale/Fresh Purchase.
Titles: JDA, Nagar Nigam, RHB, Society & Panchayati Patta, Collector Approved, Non-approved/90B.
Profiles: Salaried & SE. Indicative range 5L–4Cr; LTV norms as per policy (HL ~90%, LAP ~75–80%)."
the-hongkong-and-shanghai-bank-corporation-limited-hsbc,The Hongkong and Shanghai Bank Corporation Limited (HSBC),"We offer faster processing, competitive interest rates, and high loan eligibility.
Products: Home Loan (HL), Loan Against Property (LAP), Balance Transfer (BT/BTTP).
Property: JDA, Nagar Nigam Patta, RHB, Society Patta, Panchayati Patta (Reg./Unreg.), Collector Approved, 90B/Non-Approved.
Profiles: Salaried & Self-Employed. Ticket size: 5L to 5Cr. LTV up to 90% (HL) and 80% (LAP)."
homeville-consulting-pvt-ltd,Homeville Consulting Pvt Ltd,"Quick TAT, low interest options, flexible documentation.
Covers HL, LAP, BT & Top-Up.
Acceptable titles include JDA, RHB, Society Patta, Gram Panchayat, Collector Approved, and technical 90B (approved/non-approved).
Works with Salaried and Self-employed. Typical range 10L to 3Cr. LTV per policy up to 90% in HL."
icici-bank-ltd,ICICI Bank Ltd.,"Fast approval, attractive pricing, big-ticket capability.
Eligible: HL/LAP, BT/BTTP, Plot + Construction, Resale/Fresh Purchase.
Titles: JDA, Nagar Nigam, RHB, Society & Panchayati Patta, Collector Approved, Non-approved/90B.
Profiles: Salaried & SE. Indicative range 5L–4Cr; LTV norms as per policy (HL ~90%, LAP ~75–80%)."
icici-home-finance-company-ltd,ICICI Home Finance Company Ltd,"We offer faster processing, competitive interest rates, and high loan eligibility.
Products: Home Loan (HL), Loan Against Property (LAP), Balance Transfer (BT/BTTP).
Property: JDA, Nagar Nigam Patta, RHB, Society Patta, Panchayati Patta (Reg./Unreg.), Collector Approved, 90B/Non-Approved.
Profiles: Salaried & Self-Employed. Ticket size: 5L to 5Cr. LTV up to 90% (HL) and 80% (LAP)."
idfc-first-bank-ltd,IDFC First Bank Ltd,"Quick TAT, low interest options, flexible documentation.
Covers HL, LAP, BT & Top-Up.
Acceptable titles include JDA, RHB, Society Patta, Gram Panchayat, Collector Approved, and technical 90B (approved/non-approved).
Works with Salaried and Self-employed. Typical range 10L to 3Cr. LTV per policy up to 90% in HL."
idbi-bank-ltd,IDBI Bank Ltd,"Fast approval, attractive pricing, big-ticket capability.
Eligible: HL/LAP, BT/BTTP, Plot + Construction, Resale/Fresh Purchase.
Titles: JDA, Nagar Nigam, RHB, Society & Panchayati Patta, Collector Approved, Non-approved/90B.
Profiles: Salaried & SE. Indicative range 5L–4Cr; LTV norms as per policy (HL ~90%, LAP ~75–80%)."
incred-financial-services-ltd,INCRED Financial Services Ltd,"We offer faster processing, competitive interest rates, and high loan eligibility.
Products: Home Loan (HL), Loan Against Property (LAP), Balance Transfer (BT/BTTP).
Property: JDA, Nagar Nigam Patta, RHB, Society Patta, Panchayati Patta (Reg./Unreg.), Collector Approved, 90B/Non-Approved.
Profiles: Salaried & Self-Employed. Ticket size: 5L to 5Cr. LTV up to 90% (HL) and 80% (LAP)."
india-infoline-finance-limited,India Infoline Finance Limited,"Quick TAT, low interest options, flexible documentation.
Covers HL, LAP, BT & Top-Up.
Acceptable titles include JDA, RHB, Society Patta, Gram Panchayat, Collector Approved, and technical 90B (approved/non-approved).
Works with Salaried and Self-employed. Typical range 10L to 3Cr. LTV per policy up to 90% in HL."
indian-bank,Indian Bank,"Fast approval, attractive pricing, big-ticket capability.
Eligible: HL/LAP, BT/BTTP, Plot + Construction, Resale/Fresh Purchase.
Titles: JDA, Nagar Nigam, RHB, Society & Panchayati Patta, Collector Approved, Non-approved/90B.
Profiles: Salaried & SE. Indicative range 5L–4Cr; LTV norms as per policy (HL ~90%, LAP ~75–80%)."
indifi-technologies-private-limited,Indifi Technologies Private Limited,"We offer faster processing, competitive interest rates, and high loan eligibility.
Products: Home Loan (HL), Loan Against Property (LAP), Balance Transfer (BT/BTTP).
Property: JDA, Nagar Nigam Patta, RHB, Society Patta, Panchayati Patta (Reg./Unreg.), Collector Approved, 90B/Non-Approved.
Profiles: Salaried & Self-Employed. Ticket size: 5L to 5Cr. LTV up to 90% (HL) and 80% (LAP)."
indostar-home-finance-pvt-ltd,Indostar Home Finance Pvt Ltd,"Quick TAT, low interest options, flexible documentation.
Covers HL, LAP, BT & Top-Up.
Acceptable titles include JDA, RHB, Society Patta, Gram Panchayat, Collector Approved, and technical 90B (approved/non-approved).
Works with Salaried and Self-employed. Typical range 10L to 3Cr. LTV per policy up to 90% in HL."
indusind-bank,Indusind Bank,"Fast approval, attractive pricing, big-ticket capability.
Eligible: HL/LAP, BT/BTTP, Plot + Construction, Resale/Fresh Purchase.
Titles: JDA, Nagar Nigam, RHB, Society & Panchayati Patta, Collector Approved, Non-approved/90B.
Profiles: Salaried & SE. Indicative range 5L–4Cr; LTV norms as per policy (HL ~90%, LAP ~75–80%)."
infina-finance-private-limited,Infina Finance Private limited,"We offer faster processing, competitive interest rates, and high loan eligibility.
Products: Home Loan (HL), Loan Against Property (LAP), Balance Transfer (BT/BTTP).
Property: JDA, Nagar Nigam Patta, RHB, Society Patta, Panchayati Patta (Reg./Unreg.), Collector Approved, 90B/Non-Approved.
Profiles: Salaried & Self-Employed. Ticket size: 5L to 5Cr. LTV up to 90% (HL) and 80% (LAP)."
ikf-finance-ltd,IKF Finance Ltd,"Quick TAT, low interest options, flexible documentation.
Covers HL, LAP, BT & Top-Up.
Acceptable titles include JDA, RHB, Society Patta, Gram Panchayat, Collector Approved, and technical 90B (approved/non-approved).
Works with Salaried and Self-employed. Typical range 10L to 3Cr. LTV per policy up to 90% in HL."
dreamplug-technologies-pvt-ltd-prefr-creditvidya,Dreamplug Technologies Pvt Ltd (Prefr / Creditvidya),"Fast approval, attractive pricing, big-ticket capability.
Eligible: HL/LAP, BT/BTTP, Plot + Construction, Resale/Fresh Purchase.
Titles: JDA, Nagar Nigam, RHB, Society & Panchayati Patta, Collector Approved, Non-approved/90B.
Profiles: Salaried & SE. Indicative range 5L–4Cr; LTV norms as per policy (HL ~90%, LAP ~75–80%)."
jana-small-finance-pvt-ltd,Jana Small Finance Pvt Ltd,"We offer faster processing, competitive interest rates, and high loan eligibility.
Products: Home Loan (HL), Loan Against Property (LAP), Balance Transfer (BT/BTTP).
Property: JDA, Nagar Nigam Patta, RHB, Society Patta, Panchayati Patta (Reg./Unreg.), Collector Approved, 90B/Non-Approved.
Profiles: Salaried & Self-Employed. Ticket size: 5L to 5Cr. LTV up to 90% (HL) and 80% (LAP)."
jm-financial-home-loans-limited,JM Financial Home Loans Limited,"Quick TAT, low interest options, flexible documentation.
Covers HL, LAP, BT & Top-Up.
Acceptable titles include JDA, RHB, Society Patta, Gram Panchayat, Collector Approved, and technical 90B (approved/non-approved).
Works with Salaried and Self-employed. Typical range 10L to 3Cr. LTV per policy up to 90% in HL."
kisetsu-saison-finance-india-private-limited-creditsaison,Kisetsu Saison Finance (India) Private Limited (Creditsaison),"Fast approval, attractive pricing, big-ticket capability.
Eligible: HL/LAP, BT/BTTP, Plot + Construction, Resale/Fresh Purchase.
Titles: JDA, Nagar Nigam, RHB, Society & Panchayati Patta, Collector Approved, Non-approved/90B.
Profiles: Salaried & SE. Indicative range 5L–4Cr; LTV norms as per policy (HL ~90%, LAP ~75–80%)."
knab-finance-advisors-private-limited-abhiloans,KNAB FINANCE ADVISORS PRIVATE LIMITED (Abhiloans),"We offer faster processing, competitive interest rates, and high loan eligibility.
Products: Home Loan (HL), Loan Against Property (LAP), Balance Transfer (BT/BTTP).
Property: JDA, Nagar Nigam Patta, RHB, Society Patta, Panchayati Patta (Reg./Unreg.), Collector Approved, 90B/Non-Approved.
Profiles: Salaried & Self-Employed. Ticket size: 5L to 5Cr. LTV up to 90% (HL) and 80% (LAP)."
kotak-mahindra-bank-ltd,Kotak Mahindra Bank Ltd,"Quick TAT, low interest options, flexible documentation.
Covers HL, LAP, BT & Top-Up.
Acceptable titles include JDA, RHB, Society Patta, Gram Panchayat, Collector Approved, and technical 90B (approved/non-approved).
Works with Salaried and Self-employed. Typical range 10L to 3Cr. LTV per policy up to 90% in HL."
kotak-mahindra-prime-limited,Kotak Mahindra Prime Limited,"Fast approval, attractive pricing, big-ticket capability.
Eligible: HL/LAP, BT/BTTP, Plot + Construction, Resale/Fresh Purchase.
Titles: JDA, Nagar Nigam, RHB, Society & Panchayati Patta, Collector Approved, Non-approved/90B.
Profiles: Salaried & SE. Indicative range 5L–4Cr; LTV norms as per policy (HL ~90%, LAP ~75–80%)."
krazybee-services-pvt-ltd,Krazybee Services Pvt LTD,"We offer faster processing, competitive interest rates, and high loan eligibility.
Products: Home Loan (HL), Loan Against Property (LAP), Balance Transfer (BT/BTTP).
Property: JDA, Nagar Nigam Patta, RHB, Society Patta, Panchayati Patta (Reg./Unreg.), Collector Approved, 90B/Non-Approved.
Profiles: Salaried & Self-Employed. Ticket size: 5L to 5Cr. LTV up to 90% (HL) and 80% (LAP)."
lendingkart-finance-limited,LENDINGKART Finance Limited,"Quick TAT, low interest options, flexible documentation.
Covers HL, LAP, BT & Top-Up.
Acceptable titles include JDA, RHB, Society Patta, Gram Panchayat, Collector Approved, and technical 90B (approved/non-approved).
Works with Salaried and Self-employed. Typical range 10L to 3Cr. LTV per policy up to 90% in HL."
lendingkart-technologies-private-limited,Lendingkart Technologies Private Limited,"Fast approval, attractive pricing, big-ticket capability.
Eligible: HL/LAP, BT/BTTP, Plot + Construction, Resale/Fresh Purchase.
Titles: JDA, Nagar Nigam, RHB, Society & Panchayati Patta, Collector Approved, Non-approved/90B.
Profiles: Salaried & SE. Indicative range 5L–4Cr; LTV norms as per policy (HL ~90%, LAP ~75–80%)."
loantap-credit-products-private-limited,Loantap Credit Products Private Limited,"We offer faster processing, competitive interest rates, and high loan eligibility.
Products: Home Loan (HL), Loan Against Property (LAP), Balance Transfer (BT/BTTP).
Property: JDA, Nagar Nigam Patta, RHB, Society Patta, Panchayati Patta (Reg./Unreg.), Collector Approved, 90B/Non-Approved.
Profiles: Salaried & Self-Employed. Ticket size: 5L to 5Cr. LTV up to 90% (HL) and 80% (LAP)."
loanwired-fintech-private-limited,Loanwired Fintech Private Limited,"Quick TAT, low interest options, flexible documentation.
Covers HL, LAP, BT & Top-Up.
Acceptable titles include JDA, RHB, Society Patta, Gram Panchayat, Collector Approved, and technical 90B (approved/non-approved).
Works with Salaried and Self-employed. Typical range 10L to 3Cr. LTV per policy up to 90% in HL."
l-t-finance-holdings-ltd,L & T Finance Holdings Ltd,"Fast approval, attractive pricing, big-ticket capability.
Eligible: HL/LAP, BT/BTTP, Plot + Construction, Resale/Fresh Purchase.
Titles: JDA, Nagar Nigam, RHB, Society & Panchayati Patta, Collector Approved, Non-approved/90B.
Profiles: Salaried & SE. Indicative range 5L–4Cr; LTV norms as per policy (HL ~90%, LAP ~75–80%)."
l-t-housing-finance-ltd,L & T Housing Finance Ltd,"We offer faster processing, competitive interest rates, and high loan eligibility.
Products: Home Loan (HL), Loan Against Property (LAP), Balance Transfer (BT/BTTP).
Property: JDA, Nagar Nigam Patta, RHB, Society Patta, Panchayati Patta (Reg./Unreg.), Collector Approved, 90B/Non-Approved.
Profiles: Salaried & Self-Employed. Ticket size: 5L to 5Cr. LTV up to 90% (HL) and 80% (LAP)."
mahindra-and-mahindra-financial-services-limited,Mahindra and Mahindra Financial Services Limited,"*Loan amount 10 Lakhs to 500 Lakhs* 

ROI 11% to 12%

PF 1% 

 *PROGRAMS* 
Cash Profit Program 
Gross Margin program
ABB Program 
GST Program 
BT RTR Program 
Low LTV / LIP Program 
Salaried Program 

 *Property Titles**
Society Patta up to 1999
Panchayat patta registered
JDA / Nagar Nigam Approved 
Converted properties 

 *LTV* 
Residential property - 80%
Mix uses property - 75%
Commercial - 75%
Industrial Property - 60%
Plot - 55%

 *Higher Payout* 

 *Fast process & decisioning also*"
mahindra-rural-housing-finance-limited,Mahindra Rural Housing Finance Limited,"Fast approval, attractive pricing, big-ticket capability.
Eligible: HL/LAP, BT/BTTP, Plot + Construction, Resale/Fresh Purchase.
Titles: JDA, Nagar Nigam, RHB, Society & Panchayati Patta, Collector Approved, Non-approved/90B.
Profiles: Salaried & SE. Indicative range 5L–4Cr; LTV norms as per policy (HL ~90%, LAP ~75–80%)."
mangal-credit-and-fincorp-ltd,Mangal Credit and Fincorp Ltd,"We offer faster processing, competitive interest rates, and high loan eligibility.
Products: Home Loan (HL), Loan Against Property (LAP), Balance Transfer (BT/BTTP).
Property: JDA, Nagar Nigam Patta, RHB, Society Patta, Panchayati Patta (Reg./Unreg.), Collector Approved, 90B/Non-Approved.
Profiles: Salaried & Self-Employed. Ticket size: 5L to 5Cr. LTV up to 90% (HL) and 80% (LAP)."
mas-financial-services-limited,MAS Financial Services Limited,"Quick TAT, low interest options, flexible documentation.
Covers HL, LAP, BT & Top-Up.
Acceptable titles include JDA, RHB, Society Patta, Gram Panchayat, Collector Approved, and technical 90B (approved/non-approved).
Works with Salaried and Self-employed. Typical range 10L to 3Cr. LTV per policy up to 90% in HL."
mas-rural-housing-and-mortgage-finance-ltd,MAS Rural Housing and Mortgage Finance Ltd,"Fast approval, attractive pricing, big-ticket capability.
Eligible: HL/LAP, BT/BTTP, Plot + Construction, Resale/Fresh Purchase.
Titles: JDA, Nagar Nigam, RHB, Society & Panchayati Patta, Collector Approved, Non-approved/90B.
Profiles: Salaried & SE. Indicative range 5L–4Cr; LTV norms as per policy (HL ~90%, LAP ~75–80%)."
moneywise-financial-services-private-limited-smc-finance,Moneywise Financial Services Private Limited (SMC Finance),"We offer faster processing, competitive interest rates, and high loan eligibility.
Products: Home Loan (HL), Loan Against Property (LAP), Balance Transfer (BT/BTTP).
Property: JDA, Nagar Nigam Patta, RHB, Society Patta, Panchayati Patta (Reg./Unreg.), Collector Approved, 90B/Non-Approved.
Profiles: Salaried & Self-Employed. Ticket size: 5L to 5Cr. LTV up to 90% (HL) and 80% (LAP)."
motilal-oswal-home-finance-limited,Motilal Oswal Home Finance Limited,"Quick TAT, low interest options, flexible documentation.
Covers HL, LAP, BT & Top-Up.
Acceptable titles include JDA, RHB, Society Patta, Gram Panchayat, Collector Approved, and technical 90B (approved/non-approved).
Works with Salaried and Self-employed. Typical range 10L to 3Cr. LTV per policy up to 90% in HL."
muthoot-finance-limited,Muthoot Finance Limited,"Fast approval, attractive pricing, big-ticket capability.
Eligible: HL/LAP, BT/BTTP, Plot + Construction, Resale/Fresh Purchase.
Titles: JDA, Nagar Nigam, RHB, Society & Panchayati Patta, Collector Approved, Non-approved/90B.
Profiles: Salaried & SE. Indicative range 5L–4Cr; LTV norms as per policy (HL ~90%, LAP ~75–80%)."
muthoot-homefin-india-limited,Muthoot Homefin (India) Limited,"We offer faster processing, competitive interest rates, and high loan eligibility.
Products: Home Loan (HL), Loan Against Property (LAP), Balance Transfer (BT/BTTP).
Property: JDA, Nagar Nigam Patta, RHB, Society Patta, Panchayati Patta (Reg./Unreg.), Collector Approved, 90B/Non-Approved.
Profiles: Salaried & Self-Employed. Ticket size: 5L to 5Cr. LTV up to 90% (HL) and 80% (LAP)."
muthoot-housing-finance-company-limited,Muthoot Housing Finance Company Limited,"Quick TAT, low interest options, flexible documentation.
Covers HL, LAP, BT & Top-Up.
Acceptable titles include JDA, RHB, Society Patta, Gram Panchayat, Collector Approved, and technical 90B (approved/non-approved).
Works with Salaried and Self-employed. Typical range 10L to 3Cr. LTV per policy up to 90% in HL."
mwyn-tech-pvt-ltd-moneytap,MWYN TECH PVT LTD (Moneytap),"Fast approval, attractive pricing, big-ticket capability.
Eligible: HL/LAP, BT/BTTP, Plot + Construction, Resale/Fresh Purchase.
Titles: JDA, Nagar Nigam, RHB, Society & Panchayati Patta, Collector Approved, Non-approved/90B.
Profiles: Salaried & SE. Indicative range 5L–4Cr; LTV norms as per policy (HL ~90%, LAP ~75–80%)."
manba-finance-limited,Manba Finance Limited,"We offer faster processing, competitive interest rates, and high loan eligibility.
Products: Home Loan (HL), Loan Against Property (LAP), Balance Transfer (BT/BTTP).
Property: JDA, Nagar Nigam Patta, RHB, Society Patta, Panchayati Patta (Reg./Unreg.), Collector Approved, 90B/Non-Approved.
Profiles: Salaried & Self-Employed. Ticket size: 5L to 5Cr. LTV up to 90% (HL) and 80% (LAP)."
mirae-asset-financial-services-india-private-limited,Mirae Asset Financial Services (India) Private Limited,"Quick TAT, low interest options, flexible documentation.
Covers HL, LAP, BT & Top-Up.
Acceptable titles include JDA, RHB, Society Patta, Gram Panchayat, Collector Approved, and technical 90B (approved/non-approved).
Works with Salaried and Self-employed. Typical range 10L to 3Cr. LTV per policy up to 90% in HL."
navi-finserv-private-limited,Navi Finserv Private Limited,"Fast approval, attractive pricing, big-ticket capability.
Eligible: HL/LAP, BT/BTTP, Plot + Construction, Resale/Fresh Purchase.
Titles: JDA, Nagar Nigam, RHB, Society & Panchayati Patta, Collector Approved, Non-approved/90B.
Profiles: Salaried & SE. Indicative range 5L–4Cr; LTV norms as per policy (HL ~90%, LAP ~75–80%)."
neogrowth-credit-pvt-ltd,Neogrowth Credit Pvt Ltd,"We offer faster processing, competitive interest rates, and high loan eligibility.
Products: Home Loan (HL), Loan Against Property (LAP), Balance Transfer (BT/BTTP).
Property: JDA, Nagar Nigam Patta, RHB, Society Patta, Panchayati Patta (Reg./Unreg.), Collector Approved, 90B/Non-Approved.
Profiles: Salaried & Self-Employed. Ticket size: 5L to 5Cr. LTV up to 90% (HL) and 80% (LAP)."
nido-home-finance-limited,Nido Home Finance Limited,"Quick TAT, low interest options, flexible documentation.
Covers HL, LAP, BT & Top-Up.
Acceptable titles include JDA, RHB, Society Patta, Gram Panchayat, Collector Approved, and technical 90B (approved/non-approved).
Works with Salaried and Self-employed. Typical range 10L to 3Cr. LTV per policy up to 90% in HL."
nomisma-mobile-solutions-private-limited-ftcash,Nomisma Mobile Solutions Private Limited (Ftcash),"Fast approval, attractive pricing, big-ticket capability.
Eligible: HL/LAP, BT/BTTP, Plot + Construction, Resale/Fresh Purchase.
Titles: JDA, Nagar Nigam, RHB, Society & Panchayati Patta, Collector Approved, Non-approved/90B.
Profiles: Salaried & SE. Indicative range 5L–4Cr; LTV norms as per policy (HL ~90%, LAP ~75–80%)."
orix-leasing-and-financial-services-pvt-ltd,Orix Leasing and Financial Services Pvt Ltd,"We offer faster processing, competitive interest rates, and high loan eligibility.
Products: Home Loan (HL), Loan Against Property (LAP), Balance Transfer (BT/BTTP).
Property: JDA, Nagar Nigam Patta, RHB, Society Patta, Panchayati Patta (Reg./Unreg.), Collector Approved, 90B/Non-Approved.
Profiles: Salaried & Self-Employed. Ticket size: 5L to 5Cr. LTV up to 90% (HL) and 80% (LAP)."
paysense-services-india-pvt-ltd,PaySense Services India Pvt. Ltd.,"Quick TAT, low interest options, flexible documentation.
Covers HL, LAP, BT & Top-Up.
Acceptable titles include JDA, RHB, Society Patta, Gram Panchayat, Collector Approved, and technical 90B (approved/non-approved).
Works with Salaried and Self-employed. Typical range 10L to 3Cr. LTV per policy up to 90% in HL."
piramal-finance-limited,Piramal Finance Limited,"Fast approval, attractive pricing, big-ticket capability.
Eligible: HL/LAP, BT/BTTP, Plot + Construction, Resale/Fresh Purchase.
Titles: JDA, Nagar Nigam, RHB, Society & Panchayati Patta, Collector Approved, Non-approved/90B.
Profiles: Salaried & SE. Indicative range 5L–4Cr; LTV norms as per policy (HL ~90%, LAP ~75–80%)."
piramal-enterprises-limited,Piramal Enterprises Limited,"We offer faster processing, competitive interest rates, and high loan eligibility.
Products: Home Loan (HL), Loan Against Property (LAP), Balance Transfer (BT/BTTP).
Property: JDA, Nagar Nigam Patta, RHB, Society Patta, Panchayati Patta (Reg./Unreg.), Collector Approved, 90B/Non-Approved.
Profiles: Salaried & Self-Employed. Ticket size: 5L to 5Cr. LTV up to 90% (HL) and 80% (LAP)."
pnb-housing-finance-ltd,PNB Housing Finance Ltd,"*We are funding till the age of 70

*30 Years of Tenure For Salaried profiles

*Loan against Property tenure up to 20 Years

*200% Funding On the Document Cost ( Ragistry Amount)

*3 Days TAT for Salaried and 5 Days for self Employed Cases.

*For LAP cases FIXED ROI Options are Available 

*Socity Patta till 2018 are accepted 

#Hassle Free Disbursement 
#Online login options
#Dedicated Experienced sales Manager 
#Customer centric Approach 
#Better Payout Options
#Lower Login Fees
#Flexible Credit Policy
#Competative ROI
#Brand Value
#Market Presence.

And much More..

What else is required?

So Now please Don't lose your chance to Grow Together 💫

PNB HOUSING FINANCE LTD"
phfl-home-loans-services-ltd,PHFL Home Loans & Services Ltd,"Fast approval, attractive pricing, big-ticket capability.
Eligible: HL/LAP, BT/BTTP, Plot + Construction, Resale/Fresh Purchase.
Titles: JDA, Nagar Nigam, RHB, Society & Panchayati Patta, Collector Approved, Non-approved/90B.
Profiles: Salaried & SE. Indicative range 5L–4Cr; LTV norms as per policy (HL ~90%, LAP ~75–80%)."
poonawala-fincorp-limited,Poonawala Fincorp Limited,"We offer faster processing, competitive interest rates, and high loan eligibility.
Products: Home Loan (HL), Loan Against Property (LAP), Balance Transfer (BT/BTTP).
Property: JDA, Nagar Nigam Patta, RHB, Society Patta, Panchayati Patta (Reg./Unreg.), Collector Approved, 90B/Non-Approved.
Profiles: Salaried & Self-Employed. Ticket size: 5L to 5Cr. LTV up to 90% (HL) and 80% (LAP)."
purple-finance-ltd,Purple Finance Ltd,"Quick TAT, low interest options, flexible documentation.
Covers HL, LAP, BT & Top-Up.
Acceptable titles include JDA, RHB, Society Patta, Gram Panchayat, Collector Approved, and technical 90B (approved/non-approved).
Works with Salaried and Self-employed. Typical range 10L to 3Cr. LTV per policy up to 90% in HL."
grihum-housing-finance-ltd,Grihum Housing Finance Ltd,"Fast approval, attractive pricing, big-ticket capability.
Eligible: HL/LAP, BT/BTTP, Plot + Construction, Resale/Fresh Purchase.
Titles: JDA, Nagar Nigam, RHB, Society & Panchayati Patta, Collector Approved, Non-approved/90B.
Profiles: Salaried & SE. Indicative range 5L–4Cr; LTV norms as per policy (HL ~90%, LAP ~75–80%)."
profectus-capital-private-limited,Profectus Capital Private Limited,"We offer faster processing, competitive interest rates, and high loan eligibility.
Products: Home Loan (HL), Loan Against Property (LAP), Balance Transfer (BT/BTTP).
Property: JDA, Nagar Nigam Patta, RHB, Society Patta, Panchayati Patta (Reg./Unreg.), Collector Approved, 90B/Non-Approved.
Profiles: Salaried & Self-Employed. Ticket size: 5L to 5Cr. LTV up to 90% (HL) and 80% (LAP)."
protium-finance-limited-previously-known-as-growth-source-financial-services,Protium Finance Limited (previously known as Growth Source Financial Services),"Quick TAT, low interest options, flexible documentation.
Covers HL, LAP, BT & Top-Up.
Acceptable titles include JDA, RHB, Society Patta, Gram Panchayat, Collector Approved, and technical 90B (approved/non-approved).
Works with Salaried and Self-employed. Typical range 10L to 3Cr. LTV per policy up to 90% in HL."
punjab-national-bank,Punjab National Bank,"Fast approval, attractive pricing, big-ticket capability.
Eligible: HL/LAP, BT/BTTP, Plot + Construction, Resale/Fresh Purchase.
Titles: JDA, Nagar Nigam, RHB, Society & Panchayati Patta, Collector Approved, Non-approved/90B.
Profiles: Salaried & SE. Indicative range 5L–4Cr; LTV norms as per policy (HL ~90%, LAP ~75–80%)."
rbl-bank-ltd,RBL Bank Ltd,"We offer faster processing, competitive interest rates, and high loan eligibility.
Products: Home Loan (HL), Loan Against Property (LAP), Balance Transfer (BT/BTTP).
Property: JDA, Nagar Nigam Patta, RHB, Society Patta, Panchayati Patta (Reg./Unreg.), Collector Approved, 90B/Non-Approved.
Profiles: Salaried & Self-Employed. Ticket size: 5L to 5Cr. LTV up to 90% (HL) and 80% (LAP)."
sbi,SBI,"Quick TAT, low interest options, flexible documentation.
Covers HL, LAP, BT & Top-Up.
Acceptable titles include JDA, RHB, Society Patta, Gram Panchayat, Collector Approved, and technical 90B (approved/non-approved).
Works with Salaried and Self-employed. Typical range 10L to 3Cr. LTV per policy up to 90% in HL."
sbicap-securities-ltd,SBICap Securities Ltd,"Fast approval, attractive pricing, big-ticket capability.
Eligible: HL/LAP, BT/BTTP, Plot + Construction, Resale/Fresh Purchase.
Titles: JDA, Nagar Nigam, RHB, Society & Panchayati Patta, Collector Approved, Non-approved/90B.
Profiles: Salaried & SE. Indicative range 5L–4Cr; LTV norms as per policy (HL ~90%, LAP ~75–80%)."
sbi-cards-and-payment-services-limited,SBI Cards and payment Services Limited,"We offer faster processing, competitive interest rates, and high loan eligibility.
Products: Home Loan (HL), Loan Against Property (LAP), Balance Transfer (BT/BTTP).
Property: JDA, Nagar Nigam Patta, RHB, Society Patta, Panchayati Patta (Reg./Unreg.), Collector Approved, 90B/Non-Approved.
Profiles: Salaried & Self-Employed. Ticket size: 5L to 5Cr. LTV up to 90% (HL) and 80% (LAP)."
sbm-state-bank-of-mariutius-bank-india-limited,SBM (State Bank of Mariutius) Bank India Limited,"Quick TAT, low interest options, flexible documentation.
Covers HL, LAP, BT & Top-Up.
Acceptable titles include JDA, RHB, Society Patta, Gram Panchayat, Collector Approved, and technical 90B (approved/non-approved).
Works with Salaried and Self-employed. Typical range 10L to 3Cr. LTV per policy up to 90% in HL."
scb,SCB,"Fast approval, attractive pricing, big-ticket capability.
Eligible: HL/LAP, BT/BTTP, Plot + Construction, Resale/Fresh Purchase.
Titles: JDA, Nagar Nigam, RHB, Society & Panchayati Patta, Collector Approved, Non-approved/90B.
Profiles: Salaried & SE. Indicative range 5L–4Cr; LTV norms as per policy (HL ~90%, LAP ~75–80%)."
shinhan-bank,Shinhan Bank,"We offer faster processing, competitive interest rates, and high loan eligibility.
Products: Home Loan (HL), Loan Against Property (LAP), Balance Transfer (BT/BTTP).
Property: JDA, Nagar Nigam Patta, RHB, Society Patta, Panchayati Patta (Reg./Unreg.), Collector Approved, 90B/Non-Approved.
Profiles: Salaried & Self-Employed. Ticket size: 5L to 5Cr. LTV up to 90% (HL) and 80% (LAP)."
shriram-city-union-finance-limited,Shriram City Union Finance Limited,"Quick TAT, low interest options, flexible documentation.
Covers HL, LAP, BT & Top-Up.
Acceptable titles include JDA, RHB, Society Patta, Gram Panchayat, Collector Approved, and technical 90B (approved/non-approved).
Works with Salaried and Self-employed. Typical range 10L to 3Cr. LTV per policy up to 90% in HL."
shriram-finance-ltd,Shriram Finance Ltd,"🏡मॉर्गेज लोन  2022 society patta

आगरा रोड इकोलॉजिकल जोन पर लोन उपलब्ध

Jai Singh pura khor pe bhi loan available 

 खाली जमीन पर लोन सोसायटी पट्टा , ।। 

Converted property commercial residential plus open plot pe bhi loan 

Private colonizer ke patte if 90b we can also find buildup property 

Open lend on society patta loan available

Ten shaded property on society patta

 black listed society patte per bhi  Lap loan


Multiple rented income in cash 100% considered in loan structured 


तुरंत सम्पर्क करें
👉 बिना आय /Income proof 
👉 बिना रिटर्न / ITR के लोन

Hotel restaurant pe bhi loan provide  1 cr tak
 Ecological zone pe bhi loan only buildup property 

Restaurant dhaba on society patta loan available

 Agriculture land se registry only builds up property 

Registered Panchayat Patna 
Loan 10 lakh to 1 Cr

All converted property

Builder  inventory pe bhi 1 cr tak loan available 

Location: Jaipur se 90 km 
Baharod kotputli Shahpura pavta chandwaji dudu nivai chaksu and nearby location thanagazi mahua Balaji manpur sikandra rings Khatu Shyam Ji viratnagar bagru jobner manoharpura 

DSA ke liye sampark kre

Advocate ko bhi loan avilable 

Regards 

Shri Ram Housing finance"
shubham-housing-development-finance-company-ltd,Shubham Housing Development Finance Company Ltd,"We offer faster processing, competitive interest rates, and high loan eligibility.
Products: Home Loan (HL), Loan Against Property (LAP), Balance Transfer (BT/BTTP).
Property: JDA, Nagar Nigam Patta, RHB, Society Patta, Panchayati Patta (Reg./Unreg.), Collector Approved, 90B/Non-Approved.
Profiles: Salaried & Self-Employed. Ticket size: 5L to 5Cr. LTV up to 90% (HL) and 80% (LAP)."
standard-chartered-capital-limited,Standard Chartered Capital Limited,"Quick TAT, low interest options, flexible documentation.
Covers HL, LAP, BT & Top-Up.
Acceptable titles include JDA, RHB, Society Patta, Gram Panchayat, Collector Approved, and technical 90B (approved/non-approved).
Works with Salaried and Self-employed. Typical range 10L to 3Cr. LTV per policy up to 90% in HL."
sundaram-home-finance-limited,Sundaram Home Finance Limited,"Fast approval, attractive pricing, big-ticket capability.
Eligible: HL/LAP, BT/BTTP, Plot + Construction, Resale/Fresh Purchase.
Titles: JDA, Nagar Nigam, RHB, Society & Panchayati Patta, Collector Approved, Non-approved/90B.
Profiles: Salaried & SE. Indicative range 5L–4Cr; LTV norms as per policy (HL ~90%, LAP ~75–80%)."
suryoday-small-finance-bank-limited,Suryoday Small Finance Bank Limited,"We offer faster processing, competitive interest rates, and high loan eligibility.
Products: Home Loan (HL), Loan Against Property (LAP), Balance Transfer (BT/BTTP).
Property: JDA, Nagar Nigam Patta, RHB, Society Patta, Panchayati Patta (Reg./Unreg.), Collector Approved, 90B/Non-Approved.
Profiles: Salaried & Self-Employed. Ticket size: 5L to 5Cr. LTV up to 90% (HL) and 80% (LAP)."
suvakarma-finance-pvt-ltd,Suvakarma Finance Pvt Ltd,"Quick TAT, low interest options, flexible documentation.
Covers HL, LAP, BT & Top-Up.
Acceptable titles include JDA, RHB, Society Patta, Gram Panchayat, Collector Approved, and technical 90B (approved/non-approved).
Works with Salaried and Self-employed. Typical range 10L to 3Cr. LTV per policy up to 90% in HL."
social-worth-technologies-pvt-ltd-fibe,Social Worth Technologies Pvt Ltd. – Fibe,"Fast approval, attractive pricing, big-ticket capability.
Eligible: HL/LAP, BT/BTTP, Plot + Construction, Resale/Fresh Purchase.
Titles: JDA, Nagar Nigam, RHB, Society & Panchayati Patta, Collector Approved, Non-approved/90B.
Profiles: Salaried & SE. Indicative range 5L–4Cr; LTV norms as per policy (HL ~90%, LAP ~75–80%)."
tata-capital-ltd,Tata capital Ltd,"We offer faster processing, competitive interest rates, and high loan eligibility.
Products: Home Loan (HL), Loan Against Property (LAP), Balance Transfer (BT/BTTP).
Property: JDA, Nagar Nigam Patta, RHB, Society Patta, Panchayati Patta (Reg./Unreg.), Collector Approved, 90B/Non-Approved.
Profiles: Salaried & Self-Employed. Ticket size: 5L to 5Cr. LTV up to 90% (HL) and 80% (LAP)."
tata-capital-financial-services-limited,Tata Capital Financial Services Limited,"Quick TAT, low interest options, flexible documentation.
Covers HL, LAP, BT & Top-Up.
Acceptable titles include JDA, RHB, Society Patta, Gram Panchayat, Collector Approved, and technical 90B (approved/non-approved).
Works with Salaried and Self-employed. Typical range 10L to 3Cr. LTV per policy up to 90% in HL."
tata-capital-housing-finance-limited,Tata Capital Housing Finance Limited,"Fast approval, attractive pricing, big-ticket capability.
Eligible: HL/LAP, BT/BTTP, Plot + Construction, Resale/Fresh Purchase.
Titles: JDA, Nagar Nigam, RHB, Society & Panchayati Patta, Collector Approved, Non-approved/90B.
Profiles: Salaried & SE. Indicative range 5L–4Cr; LTV norms as per policy (HL ~90%, LAP ~75–80%)."
the-fedbank-financial-services-limited,The Fedbank Financial Services Limited,"We offer faster processing, competitive interest rates, and high loan eligibility.
Products: Home Loan (HL), Loan Against Property (LAP), Balance Transfer (BT/BTTP).
Property: JDA, Nagar Nigam Patta, RHB, Society Patta, Panchayati Patta (Reg./Unreg.), Collector Approved, 90B/Non-Approved.
Profiles: Salaried & Self-Employed. Ticket size: 5L to 5Cr. LTV up to 90% (HL) and 80% (LAP)."
the-federal-bank-limited,The Federal Bank Limited,"Quick TAT, low interest options, flexible documentation.
Covers HL, LAP, BT & Top-Up.
Acceptable titles include JDA, RHB, Society Patta, Gram Panchayat, Collector Approved, and technical 90B (approved/non-approved).
Works with Salaried and Self-employed. Typical range 10L to 3Cr. LTV per policy up to 90% in HL."
the-karur-vysya-bank-limited,The Karur Vysya Bank Limited,"Fast approval, attractive pricing, big-ticket capability.
Eligible: HL/LAP, BT/BTTP, Plot + Construction, Resale/Fresh Purchase.
Titles: JDA, Nagar Nigam, RHB, Society & Panchayati Patta, Collector Approved, Non-approved/90B.
Profiles: Salaried & SE. Indicative range 5L–4Cr; LTV norms as per policy (HL ~90%, LAP ~75–80%)."
the-south-indian-bank-ltd,The South Indian Bank Ltd,"We offer faster processing, competitive interest rates, and high loan eligibility.
Products: Home Loan (HL), Loan Against Property (LAP), Balance Transfer (BT/BTTP).
Property: JDA, Nagar Nigam Patta, RHB, Society Patta, Panchayati Patta (Reg./Unreg.), Collector Approved, 90B/Non-Approved.
Profiles: Salaried & Self-Employed. Ticket size: 5L to 5Cr. LTV up to 90% (HL) and 80% (LAP)."
trucap-finance-limited,TruCap Finance Limited,"Quick TAT, low interest options, flexible documentation.
Covers HL, LAP, BT & Top-Up.
Acceptable titles include JDA, RHB, Society Patta, Gram Panchayat, Collector Approved, and technical 90B (approved/non-approved).
Works with Salaried and Self-employed. Typical range 10L to 3Cr. LTV per policy up to 90% in HL."
ugrow-capital-limited,Ugrow Capital Limited,"Fast approval, attractive pricing, big-ticket capability.
Eligible: HL/LAP, BT/BTTP, Plot + Construction, Resale/Fresh Purchase.
Titles: JDA, Nagar Nigam, RHB, Society & Panchayati Patta, Collector Approved, Non-approved/90B.
Profiles: Salaried & SE. Indicative range 5L–4Cr; LTV norms as per policy (HL ~90%, LAP ~75–80%)."
ujivan-small-finance-bank-limited,Ujivan Small Finance Bank Limited,"We offer faster processing, competitive interest rates, and high loan eligibility.
Products: Home Loan (HL), Loan Against Property (LAP), Balance Transfer (BT/BTTP).
Property: JDA, Nagar Nigam Patta, RHB, Society Patta, Panchayati Patta (Reg./Unreg.), Collector Approved, 90B/Non-Approved.
Profiles: Salaried & Self-Employed. Ticket size: 5L to 5Cr. LTV up to 90% (HL) and 80% (LAP)."
union-bank-of-india-for-hydrebad-maharashtra,Union Bank of India (For Hydrebad & Maharashtra),"Quick TAT, low interest options, flexible documentation.
Covers HL, LAP, BT & Top-Up.
Acceptable titles include JDA, RHB, Society Patta, Gram Panchayat, Collector Approved, and technical 90B (approved/non-approved).
Works with Salaried and Self-employed. Typical range 10L to 3Cr. LTV per policy up to 90% in HL."
unity-small-finance-bank-limited,Unity Small Finance Bank Limited,"Fast approval, attractive pricing, big-ticket capability.
Eligible: HL/LAP, BT/BTTP, Plot + Construction, Resale/Fresh Purchase.
Titles: JDA, Nagar Nigam, RHB, Society & Panchayati Patta, Collector Approved, Non-approved/90B.
Profiles: Salaried & SE. Indicative range 5L–4Cr; LTV norms as per policy (HL ~90%, LAP ~75–80%)."
utkarsh-small-finance-bank-ltd,Utkarsh Small Finance Bank Ltd,"We offer faster processing, competitive interest rates, and high loan eligibility.
Products: Home Loan (HL), Loan Against Property (LAP), Balance Transfer (BT/BTTP).
Property: JDA, Nagar Nigam Patta, RHB, Society Patta, Panchayati Patta (Reg./Unreg.), Collector Approved, 90B/Non-Approved.
Profiles: Salaried & Self-Employed. Ticket size: 5L to 5Cr. LTV up to 90% (HL) and 80% (LAP)."
vastu-housing-finance-corporation-ltd,Vastu Housing Finance Corporation Ltd.,"Quick TAT, low interest options, flexible documentation.
Covers HL, LAP, BT & Top-Up.
Acceptable titles include JDA, RHB, Society Patta, Gram Panchayat, Collector Approved, and technical 90B (approved/non-approved).
Works with Salaried and Self-employed. Typical range 10L to 3Cr. LTV per policy up to 90% in HL."
vastu-finserve-india-private-limited,Vastu Finserve India Private Limited,"Fast approval, attractive pricing, big-ticket capability.
Eligible: HL/LAP, BT/BTTP, Plot + Construction, Resale/Fresh Purchase.
Titles: JDA, Nagar Nigam, RHB, Society & Panchayati Patta, Collector Approved, Non-approved/90B.
Profiles: Salaried & SE. Indicative range 5L–4Cr; LTV norms as per policy (HL ~90%, LAP ~75–80%)."
vistaar-financial-services-pvt-limited,Vistaar Financial Services Pvt Limited,"We offer faster processing, competitive interest rates, and high loan eligibility.
Products: Home Loan (HL), Loan Against Property (LAP), Balance Transfer (BT/BTTP).
Property: JDA, Nagar Nigam Patta, RHB, Society Patta, Panchayati Patta (Reg./Unreg.), Collector Approved, 90B/Non-Approved.
Profiles: Salaried & Self-Employed. Ticket size: 5L to 5Cr. LTV up to 90% (HL) and 80% (LAP)."
whizdm-innovations-pvt-ltd-moneyview,Whizdm Innovations Pvt Ltd (Moneyview),"Quick TAT, low interest options, flexible documentation.
Covers HL, LAP, BT & Top-Up.
Acceptable titles include JDA, RHB, Society Patta, Gram Panchayat, Collector Approved, and technical 90B (approved/non-approved).
Works with Salaried and Self-employed. Typical range 10L to 3Cr. LTV per policy up to 90% in HL."
yes-bank-limited,Yes Bank Limited,"Fast approval, attractive pricing, big-ticket capability.
Eligible: HL/LAP, BT/BTTP, Plot + Construction, Resale/Fresh Purchase.
Titles: JDA, Nagar Nigam, RHB, Society & Panchayati Patta, Collector Approved, Non-approved/90B.
Profiles: Salaried & SE. Indicative range 5L–4Cr; LTV norms as per policy (HL ~90%, LAP ~75–80%)."
dmi-finance-private-limited,DMI Finance Private Limited,"We offer faster processing, competitive interest rates, and high loan eligibility.
Products: Home Loan (HL), Loan Against Property (LAP), Balance Transfer (BT/BTTP).
Property: JDA, Nagar Nigam Patta, RHB, Society Patta, Panchayati Patta (Reg./Unreg.), Collector Approved, 90B/Non-Approved.
Profiles: Salaried & Self-Employed. Ticket size: 5L to 5Cr. LTV up to 90% (HL) and 80% (LAP)."
ajt-technologies-pvt-ltd-salarynext,AJT technologies Pvt Ltd – salarynext,"Quick TAT, low interest options, flexible documentation.
Covers HL, LAP, BT & Top-Up.
Acceptable titles include JDA, RHB, Society Patta, Gram Panchayat, Collector Approved, and technical 90B (approved/non-approved).
Works with Salaried and Self-employed. Typical range 10L to 3Cr. LTV per policy up to 90% in HL."
ambit-finvest-pvt-ltd,Ambit Finvest Pvt Ltd,"Fast approval, attractive pricing, big-ticket capability.
Eligible: HL/LAP, BT/BTTP, Plot + Construction, Resale/Fresh Purchase.
Titles: JDA, Nagar Nigam, RHB, Society & Panchayati Patta, Collector Approved, Non-approved/90B.
Profiles: Salaried & SE. Indicative range 5L–4Cr; LTV norms as per policy (HL ~90%, LAP ~75–80%)."
doha-bank-qpsc,Doha Bank QPSC,"We offer faster processing, competitive interest rates, and high loan eligibility.
Products: Home Loan (HL), Loan Against Property (LAP), Balance Transfer (BT/BTTP).
Property: JDA, Nagar Nigam Patta, RHB, Society Patta, Panchayati Patta (Reg./Unreg.), Collector Approved, 90B/Non-Approved.
Profiles: Salaried & Self-Employed. Ticket size: 5L to 5Cr. LTV up to 90% (HL) and 80% (LAP)."
livlong-protection-and-wellness-solution-limited,LivLong Protection and Wellness Solution Limited,"Quick TAT, low interest options, flexible documentation.
Covers HL, LAP, BT & Top-Up.
Acceptable titles include JDA, RHB, Society Patta, Gram Panchayat, Collector Approved, and technical 90B (approved/non-approved).
Works with Salaried and Self-employed. Typical range 10L to 3Cr. LTV per policy up to 90% in HL."
niwas-housing-finance-pvt-ltd-previously-indostar-home-finance-pvt-ltd,Niwas Housing Finance Pvt Ltd (Previously Indostar Home Finance Pvt Ltd ),"Fast approval, attractive pricing, big-ticket capability.
Eligible: HL/LAP, BT/BTTP, Plot + Construction, Resale/Fresh Purchase.
Titles: JDA, Nagar Nigam, RHB, Society & Panchayati Patta, Collector Approved, Non-approved/90B.
Profiles: Salaried & SE. Indicative range 5L–4Cr; LTV norms as per policy (HL ~90%, LAP ~75–80%)."
vodafone-idea-limited,Vodafone Idea Limited,"We offer faster processing, competitive interest rates, and high loan eligibility.
Products: Home Loan (HL), Loan Against Property (LAP), Balance Transfer (BT/BTTP).
Property: JDA, Nagar Nigam Patta, RHB, Society Patta, Panchayati Patta (Reg./Unreg.), Collector Approved, 90B/Non-Approved.
Profiles: Salaried & Self-Employed. Ticket size: 5L to 5Cr. LTV up to 90% (HL) and 80% (LAP)."
useful-links,Useful Links,"Quick TAT, low interest options, flexible documentation.
Covers HL, LAP, BT & Top-Up.
Acceptable titles include JDA, RHB, Society Patta, Gram Panchayat, Collector Approved, and technical 90B (approved/non-approved).
Works with Salaried and Self-employed. Typical range 10L to 3Cr. LTV per policy up to 90% in HL."
https-aadharhousing-com,https://aadharhousing.com/,"Fast approval, attractive pricing, big-ticket capability.
Eligible: HL/LAP, BT/BTTP, Plot + Construction, Resale/Fresh Purchase.
Titles: JDA, Nagar Nigam, RHB, Society & Panchayati Patta, Collector Approved, Non-approved/90B.
Profiles: Salaried & SE. Indicative range 5L–4Cr; LTV norms as per policy (HL ~90%, LAP ~75–80%)."
https-www-aavas-in,https://www.aavas.in/,"We offer faster processing, competitive interest rates, and high loan eligibility.
Products: Home Loan (HL), Loan Against Property (LAP), Balance Transfer (BT/BTTP).
Property: JDA, Nagar Nigam Patta, RHB, Society Patta, Panchayati Patta (Reg./Unreg.), Collector Approved, 90B/Non-Approved.
Profiles: Salaried & Self-Employed. Ticket size: 5L to 5Cr. LTV up to 90% (HL) and 80% (LAP)."
https-finance-adityabirlacapital-com,https://finance.adityabirlacapital.com/,"Quick TAT, low interest options, flexible documentation.
Covers HL, LAP, BT & Top-Up.
Acceptable titles include JDA, RHB, Society Patta, Gram Panchayat, Collector Approved, and technical 90B (approved/non-approved).
Works with Salaried and Self-employed. Typical range 10L to 3Cr. LTV per policy up to 90% in HL."
https-homefinance-adityabirlacapital-com,https://homefinance.adityabirlacapital.com/,"Fast approval, attractive pricing, big-ticket capability.
Eligible: HL/LAP, BT/BTTP, Plot + Construction, Resale/Fresh Purchase.
Titles: JDA, Nagar Nigam, RHB, Society & Panchayati Patta, Collector Approved, Non-approved/90B.
Profiles: Salaried & SE. Indicative range 5L–4Cr; LTV norms as per policy (HL ~90%, LAP ~75–80%)."
https-agrimhfc-com,https://agrimhfc.com/,"We offer faster processing, competitive interest rates, and high loan eligibility.
Products: Home Loan (HL), Loan Against Property (LAP), Balance Transfer (BT/BTTP).
Property: JDA, Nagar Nigam Patta, RHB, Society Patta, Panchayati Patta (Reg./Unreg.), Collector Approved, 90B/Non-Approved.
Profiles: Salaried & Self-Employed. Ticket size: 5L to 5Cr. LTV up to 90% (HL) and 80% (LAP)."
https-anandrathiglobal-com,https://anandrathiglobal.com/,"Quick TAT, low interest options, flexible documentation.
Covers HL, LAP, BT & Top-Up.
Acceptable titles include JDA, RHB, Society Patta, Gram Panchayat, Collector Approved, and technical 90B (approved/non-approved).
Works with Salaried and Self-employed. Typical range 10L to 3Cr. LTV per policy up to 90% in HL."
https-www-arkaholdings-com,https://www.arkaholdings.com/,"Fast approval, attractive pricing, big-ticket capability.
Eligible: HL/LAP, BT/BTTP, Plot + Construction, Resale/Fresh Purchase.
Titles: JDA, Nagar Nigam, RHB, Society & Panchayati Patta, Collector Approved, Non-approved/90B.
Profiles: Salaried & SE. Indicative range 5L–4Cr; LTV norms as per policy (HL ~90%, LAP ~75–80%)."
https-www-arthfc-com,https://www.arthfc.com/,"We offer faster processing, competitive interest rates, and high loan eligibility.
Products: Home Loan (HL), Loan Against Property (LAP), Balance Transfer (BT/BTTP).
Property: JDA, Nagar Nigam Patta, RHB, Society Patta, Panchayati Patta (Reg./Unreg.), Collector Approved, 90B/Non-Approved.
Profiles: Salaried & Self-Employed. Ticket size: 5L to 5Cr. LTV up to 90% (HL) and 80% (LAP)."
https-www-ashvfinance-com,https://www.ashvfinance.com/,"Quick TAT, low interest options, flexible documentation.
Covers HL, LAP, BT & Top-Up.
Acceptable titles include JDA, RHB, Society Patta, Gram Panchayat, Collector Approved, and technical 90B (approved/non-approved).
Works with Salaried and Self-employed. Typical range 10L to 3Cr. LTV per policy up to 90% in HL."
https-www-aubank-in,https://www.aubank.in/,"Fast approval, attractive pricing, big-ticket capability.
Eligible: HL/LAP, BT/BTTP, Plot + Construction, Resale/Fresh Purchase.
Titles: JDA, Nagar Nigam, RHB, Society & Panchayati Patta, Collector Approved, Non-approved/90B.
Profiles: Salaried & SE. Indicative range 5L–4Cr; LTV norms as per policy (HL ~90%, LAP ~75–80%)."
https-www-avanse-com,https://www.avanse.com/,"We offer faster processing, competitive interest rates, and high loan eligibility.
Products: Home Loan (HL), Loan Against Property (LAP), Balance Transfer (BT/BTTP).
Property: JDA, Nagar Nigam Patta, RHB, Society Patta, Panchayati Patta (Reg./Unreg.), Collector Approved, 90B/Non-Approved.
Profiles: Salaried & Self-Employed. Ticket size: 5L to 5Cr. LTV up to 90% (HL) and 80% (LAP)."
https-www-axisbank-com,https://www.axisbank.com/,"Quick TAT, low interest options, flexible documentation.
Covers HL, LAP, BT & Top-Up.
Acceptable titles include JDA, RHB, Society Patta, Gram Panchayat, Collector Approved, and technical 90B (approved/non-approved).
Works with Salaried and Self-employed. Typical range 10L to 3Cr. LTV per policy up to 90% in HL."
https-www-axisfinance-in,https://www.axisfinance.in/,"Fast approval, attractive pricing, big-ticket capability.
Eligible: HL/LAP, BT/BTTP, Plot + Construction, Resale/Fresh Purchase.
Titles: JDA, Nagar Nigam, RHB, Society & Panchayati Patta, Collector Approved, Non-approved/90B.
Profiles: Salaried & SE. Indicative range 5L–4Cr; LTV norms as per policy (HL ~90%, LAP ~75–80%)."
https-www-bajajfinserv-in,https://www.bajajfinserv.in/,"We offer faster processing, competitive interest rates, and high loan eligibility.
Products: Home Loan (HL), Loan Against Property (LAP), Balance Transfer (BT/BTTP).
Property: JDA, Nagar Nigam Patta, RHB, Society Patta, Panchayati Patta (Reg./Unreg.), Collector Approved, 90B/Non-Approved.
Profiles: Salaried & Self-Employed. Ticket size: 5L to 5Cr. LTV up to 90% (HL) and 80% (LAP)."
https-www-bajajhousingfinance-in,https://www.bajajhousingfinance.in/,"Quick TAT, low interest options, flexible documentation.
Covers HL, LAP, BT & Top-Up.
Acceptable titles include JDA, RHB, Society Patta, Gram Panchayat, Collector Approved, and technical 90B (approved/non-approved).
Works with Salaried and Self-employed. Typical range 10L to 3Cr. LTV per policy up to 90% in HL."
https-bandhanbank-com,https://bandhanbank.com/,"Fast approval, attractive pricing, big-ticket capability.
Eligible: HL/LAP, BT/BTTP, Plot + Construction, Resale/Fresh Purchase.
Titles: JDA, Nagar Nigam, RHB, Society & Panchayati Patta, Collector Approved, Non-approved/90B.
Profiles: Salaried & SE. Indicative range 5L–4Cr; LTV norms as per policy (HL ~90%, LAP ~75–80%)."
https-www-bankofbaroda-in,https://www.bankofbaroda.in/,"We offer faster processing, competitive interest rates, and high loan eligibility.
Products: Home Loan (HL), Loan Against Property (LAP), Balance Transfer (BT/BTTP).
Property: JDA, Nagar Nigam Patta, RHB, Society Patta, Panchayati Patta (Reg./Unreg.), Collector Approved, 90B/Non-Approved.
Profiles: Salaried & Self-Employed. Ticket size: 5L to 5Cr. LTV up to 90% (HL) and 80% (LAP)."
https-bhanixfinance-com-ourpartners-html,https://bhanixfinance.com/ourpartners.html,"Quick TAT, low interest options, flexible documentation.
Covers HL, LAP, BT & Top-Up.
Acceptable titles include JDA, RHB, Society Patta, Gram Panchayat, Collector Approved, and technical 90B (approved/non-approved).
Works with Salaried and Self-employed. Typical range 10L to 3Cr. LTV per policy up to 90% in HL."
https-bankofindia-co-in,https://bankofindia.co.in/,"Fast approval, attractive pricing, big-ticket capability.
Eligible: HL/LAP, BT/BTTP, Plot + Construction, Resale/Fresh Purchase.
Titles: JDA, Nagar Nigam, RHB, Society & Panchayati Patta, Collector Approved, Non-approved/90B.
Profiles: Salaried & SE. Indicative range 5L–4Cr; LTV norms as per policy (HL ~90%, LAP ~75–80%)."
https-propelld-com,https://propelld.com/,"We offer faster processing, competitive interest rates, and high loan eligibility.
Products: Home Loan (HL), Loan Against Property (LAP), Balance Transfer (BT/BTTP).
Property: JDA, Nagar Nigam Patta, RHB, Society Patta, Panchayati Patta (Reg./Unreg.), Collector Approved, 90B/Non-Approved.
Profiles: Salaried & Self-Employed. Ticket size: 5L to 5Cr. LTV up to 90% (HL) and 80% (LAP)."
https-capitalindiahomeloans-com,https://capitalindiahomeloans.com/,"Quick TAT, low interest options, flexible documentation.
Covers HL, LAP, BT & Top-Up.
Acceptable titles include JDA, RHB, Society Patta, Gram Panchayat, Collector Approved, and technical 90B (approved/non-approved).
Works with Salaried and Self-employed. Typical range 10L to 3Cr. LTV per policy up to 90% in HL."
https-www-caprihomeloans-com,https://www.caprihomeloans.com/,"Fast approval, attractive pricing, big-ticket capability.
Eligible: HL/LAP, BT/BTTP, Plot + Construction, Resale/Fresh Purchase.
Titles: JDA, Nagar Nigam, RHB, Society & Panchayati Patta, Collector Approved, Non-approved/90B.
Profiles: Salaried & SE. Indicative range 5L–4Cr; LTV norms as per policy (HL ~90%, LAP ~75–80%)."
https-www-centralbankofindia-co-in-en,https://www.centralbankofindia.co.in/en,"We offer faster processing, competitive interest rates, and high loan eligibility.
Products: Home Loan (HL), Loan Against Property (LAP), Balance Transfer (BT/BTTP).
Property: JDA, Nagar Nigam Patta, RHB, Society Patta, Panchayati Patta (Reg./Unreg.), Collector Approved, 90B/Non-Approved.
Profiles: Salaried & Self-Employed. Ticket size: 5L to 5Cr. LTV up to 90% (HL) and 80% (LAP)."
https-www-clix-capital,https://www.clix.capital/,"Quick TAT, low interest options, flexible documentation.
Covers HL, LAP, BT & Top-Up.
Acceptable titles include JDA, RHB, Society Patta, Gram Panchayat, Collector Approved, and technical 90B (approved/non-approved).
Works with Salaried and Self-employed. Typical range 10L to 3Cr. LTV per policy up to 90% in HL."
https-www-cholamandalam-com,https://www.cholamandalam.com/,"💫💫*CHOLA MANDALAM*💫💫
                PERSONAL LOAN


*CIBIL* retail score - Minimum Score of *685* 

*Minimum age*- 21 To 56 Years
Age-21 To 23 Co applicant Mandatory 

*Minimum salary*- 20K

 **Nbfc & Bank Employee Without incentive-20K
+Coplicant Mandatory** 
S.E & S.O Not Allowed 

*ROI*~~ 15% -21% 

*PF* ~~ 2% 

 *F* - Company *Cat-A,B* -65% To 75%
Company *Cat-C,D-* 55% To 65% & *OHP Required* 
 *Government* -55% To 75%


Length of bureau history-- 

Minimum 6 months of bureau history required
CIBIL score 0 and -1 allowed for *Govt Emp.*
Loan Amount -1 Lakh to 20 L
No Physical Document required.
Crunt Address Proof Required

Maximum Enquiry in Crunt Month-4

Maximum of 4 PL and 2 Credit Card Can be done B.T.
Total -B.T. - 6

Loan amount Upto 20 Lakh"
https-chfl-co-in,https://chfl.co.in/,"We offer faster processing, competitive interest rates, and high loan eligibility.
Products: Home Loan (HL), Loan Against Property (LAP), Balance Transfer (BT/BTTP).
Property: JDA, Nagar Nigam Patta, RHB, Society Patta, Panchayati Patta (Reg./Unreg.), Collector Approved, 90B/Non-Approved.
Profiles: Salaried & Self-Employed. Ticket size: 5L to 5Cr. LTV up to 90% (HL) and 80% (LAP)."
https-www-csb-co-in,https://www.csb.co.in/,"Quick TAT, low interest options, flexible documentation.
Covers HL, LAP, BT & Top-Up.
Acceptable titles include JDA, RHB, Society Patta, Gram Panchayat, Collector Approved, and technical 90B (approved/non-approved).
Works with Salaried and Self-employed. Typical range 10L to 3Cr. LTV per policy up to 90% in HL."
https-capitalindia-com,https://capitalindia.com/,"Fast approval, attractive pricing, big-ticket capability.
Eligible: HL/LAP, BT/BTTP, Plot + Construction, Resale/Fresh Purchase.
Titles: JDA, Nagar Nigam, RHB, Society & Panchayati Patta, Collector Approved, Non-approved/90B.
Profiles: Salaried & SE. Indicative range 5L–4Cr; LTV norms as per policy (HL ~90%, LAP ~75–80%)."
https-www-dbs-com-in-index-default-page,https://www.dbs.com/in/index/default.page,"We offer faster processing, competitive interest rates, and high loan eligibility.
Products: Home Loan (HL), Loan Against Property (LAP), Balance Transfer (BT/BTTP).
Property: JDA, Nagar Nigam Patta, RHB, Society Patta, Panchayati Patta (Reg./Unreg.), Collector Approved, 90B/Non-Approved.
Profiles: Salaried & Self-Employed. Ticket size: 5L to 5Cr. LTV up to 90% (HL) and 80% (LAP)."
https-www-deutschebank-co-in,https://www.deutschebank.co.in/,"Quick TAT, low interest options, flexible documentation.
Covers HL, LAP, BT & Top-Up.
Acceptable titles include JDA, RHB, Society Patta, Gram Panchayat, Collector Approved, and technical 90B (approved/non-approved).
Works with Salaried and Self-employed. Typical range 10L to 3Cr. LTV per policy up to 90% in HL."
https-www-mcapital-group-com,https://www.mcapital-group.com/,"Fast approval, attractive pricing, big-ticket capability.
Eligible: HL/LAP, BT/BTTP, Plot + Construction, Resale/Fresh Purchase.
Titles: JDA, Nagar Nigam, RHB, Society & Panchayati Patta, Collector Approved, Non-approved/90B.
Profiles: Salaried & SE. Indicative range 5L–4Cr; LTV norms as per policy (HL ~90%, LAP ~75–80%)."
https-www-dmihousingfinance-in,https://www.dmihousingfinance.in/,"We offer faster processing, competitive interest rates, and high loan eligibility.
Products: Home Loan (HL), Loan Against Property (LAP), Balance Transfer (BT/BTTP).
Property: JDA, Nagar Nigam Patta, RHB, Society Patta, Panchayati Patta (Reg./Unreg.), Collector Approved, 90B/Non-Approved.
Profiles: Salaried & Self-Employed. Ticket size: 5L to 5Cr. LTV up to 90% (HL) and 80% (LAP)."
https-www-easyhomefinance-in,https://www.easyhomefinance.in/,"Quick TAT, low interest options, flexible documentation.
Covers HL, LAP, BT & Top-Up.
Acceptable titles include JDA, RHB, Society Patta, Gram Panchayat, Collector Approved, and technical 90B (approved/non-approved).
Works with Salaried and Self-employed. Typical range 10L to 3Cr. LTV per policy up to 90% in HL."
https-eclfinance-edelweissfin-com,https://eclfinance.edelweissfin.com/,"Fast approval, attractive pricing, big-ticket capability.
Eligible: HL/LAP, BT/BTTP, Plot + Construction, Resale/Fresh Purchase.
Titles: JDA, Nagar Nigam, RHB, Society & Panchayati Patta, Collector Approved, Non-approved/90B.
Profiles: Salaried & SE. Indicative range 5L–4Cr; LTV norms as per policy (HL ~90%, LAP ~75–80%)."
https-www-edelweissretailfin-com,https://www.edelweissretailfin.com/,"We offer faster processing, competitive interest rates, and high loan eligibility.
Products: Home Loan (HL), Loan Against Property (LAP), Balance Transfer (BT/BTTP).
Property: JDA, Nagar Nigam Patta, RHB, Society Patta, Panchayati Patta (Reg./Unreg.), Collector Approved, 90B/Non-Approved.
Profiles: Salaried & Self-Employed. Ticket size: 5L to 5Cr. LTV up to 90% (HL) and 80% (LAP)."
https-epimoney-in,https://epimoney.in/,"Quick TAT, low interest options, flexible documentation.
Covers HL, LAP, BT & Top-Up.
Acceptable titles include JDA, RHB, Society Patta, Gram Panchayat, Collector Approved, and technical 90B (approved/non-approved).
Works with Salaried and Self-employed. Typical range 10L to 3Cr. LTV per policy up to 90% in HL."
https-www-finnable-com,https://www.finnable.com/,"Fast approval, attractive pricing, big-ticket capability.
Eligible: HL/LAP, BT/BTTP, Plot + Construction, Resale/Fresh Purchase.
Titles: JDA, Nagar Nigam, RHB, Society & Panchayati Patta, Collector Approved, Non-approved/90B.
Profiles: Salaried & SE. Indicative range 5L–4Cr; LTV norms as per policy (HL ~90%, LAP ~75–80%)."
https-www-kreditbee-in,https://www.kreditbee.in/,"We offer faster processing, competitive interest rates, and high loan eligibility.
Products: Home Loan (HL), Loan Against Property (LAP), Balance Transfer (BT/BTTP).
Property: JDA, Nagar Nigam Patta, RHB, Society Patta, Panchayati Patta (Reg./Unreg.), Collector Approved, 90B/Non-Approved.
Profiles: Salaried & Self-Employed. Ticket size: 5L to 5Cr. LTV up to 90% (HL) and 80% (LAP)."
https-fintreefinance-com,https://fintreefinance.com/,"Quick TAT, low interest options, flexible documentation.
Covers HL, LAP, BT & Top-Up.
Acceptable titles include JDA, RHB, Society Patta, Gram Panchayat, Collector Approved, and technical 90B (approved/non-approved).
Works with Salaried and Self-employed. Typical range 10L to 3Cr. LTV per policy up to 90% in HL."
https-www-smfgindiacredit-com,https://www.smfgindiacredit.com/,"Fast approval, attractive pricing, big-ticket capability.
Eligible: HL/LAP, BT/BTTP, Plot + Construction, Resale/Fresh Purchase.
Titles: JDA, Nagar Nigam, RHB, Society & Panchayati Patta, Collector Approved, Non-approved/90B.
Profiles: Salaried & SE. Indicative range 5L–4Cr; LTV norms as per policy (HL ~90%, LAP ~75–80%)."
https-www-geojitcredits-com,https://www.geojitcredits.com/,"We offer faster processing, competitive interest rates, and high loan eligibility.
Products: Home Loan (HL), Loan Against Property (LAP), Balance Transfer (BT/BTTP).
Property: JDA, Nagar Nigam Patta, RHB, Society Patta, Panchayati Patta (Reg./Unreg.), Collector Approved, 90B/Non-Approved.
Profiles: Salaried & Self-Employed. Ticket size: 5L to 5Cr. LTV up to 90% (HL) and 80% (LAP)."
https-www-godrejcapital-com,https://www.godrejcapital.com/,"Quick TAT, low interest options, flexible documentation.
Covers HL, LAP, BT & Top-Up.
Acceptable titles include JDA, RHB, Society Patta, Gram Panchayat, Collector Approved, and technical 90B (approved/non-approved).
Works with Salaried and Self-employed. Typical range 10L to 3Cr. LTV per policy up to 90% in HL."
https-www-hdbfs-com,https://www.hdbfs.com/,"Fast approval, attractive pricing, big-ticket capability.
Eligible: HL/LAP, BT/BTTP, Plot + Construction, Resale/Fresh Purchase.
Titles: JDA, Nagar Nigam, RHB, Society & Panchayati Patta, Collector Approved, Non-approved/90B.
Profiles: Salaried & SE. Indicative range 5L–4Cr; LTV norms as per policy (HL ~90%, LAP ~75–80%)."
https-www-hdfcbank-com-hdfc-bank-important-links,https://www.hdfcbank.com/ HDFC Bank Important Links,"We offer faster processing, competitive interest rates, and high loan eligibility.
Products: Home Loan (HL), Loan Against Property (LAP), Balance Transfer (BT/BTTP).
Property: JDA, Nagar Nigam Patta, RHB, Society Patta, Panchayati Patta (Reg./Unreg.), Collector Approved, 90B/Non-Approved.
Profiles: Salaried & Self-Employed. Ticket size: 5L to 5Cr. LTV up to 90% (HL) and 80% (LAP)."
https-credila-com,https://credila.com/,"Quick TAT, low interest options, flexible documentation.
Covers HL, LAP, BT & Top-Up.
Acceptable titles include JDA, RHB, Society Patta, Gram Panchayat, Collector Approved, and technical 90B (approved/non-approved).
Works with Salaried and Self-employed. Typical range 10L to 3Cr. LTV per policy up to 90% in HL."
https-www-herofincorp-com,https://www.herofincorp.com/,"Fast approval, attractive pricing, big-ticket capability.
Eligible: HL/LAP, BT/BTTP, Plot + Construction, Resale/Fresh Purchase.
Titles: JDA, Nagar Nigam, RHB, Society & Panchayati Patta, Collector Approved, Non-approved/90B.
Profiles: Salaried & SE. Indicative range 5L–4Cr; LTV norms as per policy (HL ~90%, LAP ~75–80%)."
https-herohousingfinance-com,https://herohousingfinance.com/,"We offer faster processing, competitive interest rates, and high loan eligibility.
Products: Home Loan (HL), Loan Against Property (LAP), Balance Transfer (BT/BTTP).
Property: JDA, Nagar Nigam Patta, RHB, Society Patta, Panchayati Patta (Reg./Unreg.), Collector Approved, 90B/Non-Approved.
Profiles: Salaried & Self-Employed. Ticket size: 5L to 5Cr. LTV up to 90% (HL) and 80% (LAP)."
https-hindujahousingfinance-com,https://hindujahousingfinance.com/,"Quick TAT, low interest options, flexible documentation.
Covers HL, LAP, BT & Top-Up.
Acceptable titles include JDA, RHB, Society Patta, Gram Panchayat, Collector Approved, and technical 90B (approved/non-approved).
Works with Salaried and Self-employed. Typical range 10L to 3Cr. LTV per policy up to 90% in HL."
https-www-hsbc-co-in,https://www.hsbc.co.in/,"Fast approval, attractive pricing, big-ticket capability.
Eligible: HL/LAP, BT/BTTP, Plot + Construction, Resale/Fresh Purchase.
Titles: JDA, Nagar Nigam, RHB, Society & Panchayati Patta, Collector Approved, Non-approved/90B.
Profiles: Salaried & SE. Indicative range 5L–4Cr; LTV norms as per policy (HL ~90%, LAP ~75–80%)."
https-homevillegroup-com,https://homevillegroup.com/,"We offer faster processing, competitive interest rates, and high loan eligibility.
Products: Home Loan (HL), Loan Against Property (LAP), Balance Transfer (BT/BTTP).
Property: JDA, Nagar Nigam Patta, RHB, Society Patta, Panchayati Patta (Reg./Unreg.), Collector Approved, 90B/Non-Approved.
Profiles: Salaried & Self-Employed. Ticket size: 5L to 5Cr. LTV up to 90% (HL) and 80% (LAP)."
https-www-icicibank-com,https://www.icicibank.com/,"Quick TAT, low interest options, flexible documentation.
Covers HL, LAP, BT & Top-Up.
Acceptable titles include JDA, RHB, Society Patta, Gram Panchayat, Collector Approved, and technical 90B (approved/non-approved).
Works with Salaried and Self-employed. Typical range 10L to 3Cr. LTV per policy up to 90% in HL."
